canonical_product,source_issue,canonical_issue,issue_group,mapping,rows,first_seen,last_seen
Checking or savings account,"Account opening, closing, or management",Managing an account,account_management_and_servicing,renamed,37791,2012-03-01,2017-04-22
Checking or savings account,Closing an account,Closing an account,account_management_and_servicing,current,51306,2017-04-24,2026-09-25
Checking or savings account,Credit monitoring or identity theft protection services,Credit monitoring or identity theft protection services,credit_report_access_and_use,current,157,2017-05-25,2026-09-12
Checking or savings account,Deposits and withdrawals,Managing an account,account_management_and_servicing,renamed,22581,2012-03-01,2017-04-21
Checking or savings account,Getting a line of credit,Getting a line of credit,origination,legacy_kept,2,2018-06-21,2019-07-11
Checking or savings account,Improper use of your report,Improper use of your report,credit_report_access_and_use,current,354,2017-04-24,2026-09-16
Checking or savings account,Incorrect information on your report,Incorrect information on your report,credit_report_accuracy,current,1291,2017-05-04,2026-09-22
Checking or savings account,"Making/receiving payments, sending money",Managing an account,account_management_and_servicing,renamed,7241,2012-03-01,2017-04-21
Checking or savings account,Managing an account,Managing an account,account_management_and_servicing,current,233299,2017-04-21,2026-09-28
Checking or savings account,Opening an account,Opening an account,origination,current,36542,2017-04-21,2026-09-25
Checking or savings account,Problem caused by your funds being low,Problem caused by your funds being low,fees_and_interest,current,30498,2017-04-24,2026-09-28
Checking or savings account,Problem with a company's investigation into an existing problem,Problem with a company's investigation into an existing problem,dispute_investigation,current,496,2023-08-28,2026-09-23
Checking or savings account,Problem with a credit reporting company's investigation into an existing problem,Problem with a company's investigation into an existing problem,dispute_investigation,renamed,109,2017-05-26,2023-08-13
Checking or savings account,Problem with a lender or other company charging your account,Problem with a lender or other company charging your account,payments_and_billing,current,44678,2017-04-24,2026-09-28
Checking or savings account,Problem with credit report or credit score,Incorrect information on your report,credit_report_accuracy,renamed,2,2020-11-09,2021-04-28
Checking or savings account,Problem with fraud alerts or security freezes,Problem with fraud alerts or security freezes,credit_report_access_and_use,current,225,2017-05-10,2026-09-14
Checking or savings account,Problems caused by my funds being low,Problem caused by your funds being low,fees_and_interest,renamed,11833,2012-03-01,2017-04-21
Checking or savings account,Unable to get your credit report or credit score,Unable to get your credit report or credit score,credit_report_access_and_use,current,52,2017-07-06,2026-07-01
Checking or savings account,Using a debit or ATM card,Managing an account,account_management_and_servicing,renamed,6127,2012-03-01,2017-04-22
Credit card,APR or interest rate,Fees or interest,fees_and_interest,renamed,5506,2011-12-01,2017-04-21
Credit card,Advertising and marketing,"Advertising and marketing, including promotional offers",marketing_and_disclosures,renamed,2926,2011-12-01,2017-04-21
Credit card,"Advertising and marketing, including promotional offers","Advertising and marketing, including promotional offers",marketing_and_disclosures,current,19495,2017-04-24,2026-09-25
Credit card,Application processing delay,Getting a credit card,origination,renamed,540,2011-12-01,2017-04-20
Credit card,Arbitration,"Other features, terms, or problems",account_management_and_servicing,renamed,348,2011-12-06,2017-04-17
Credit card,Balance transfer,"Other features, terms, or problems",account_management_and_servicing,renamed,1117,2011-12-01,2017-04-20
Credit card,Balance transfer fee,Fees or interest,fees_and_interest,renamed,221,2011-12-02,2017-04-19
Credit card,Bankruptcy,Struggling to pay your bill,hardship_and_default,renamed,448,2011-12-01,2017-04-14
Credit card,Billing disputes,Problem with a purchase shown on your statement,payments_and_billing,renamed,15136,2011-12-01,2017-04-21
Credit card,Billing statement,Problem with a purchase shown on your statement,payments_and_billing,renamed,2619,2011-12-01,2017-04-21
Credit card,Cash advance,"Other features, terms, or problems",account_management_and_servicing,renamed,245,2011-12-14,2017-04-05
Credit card,Cash advance fee,Fees or interest,fees_and_interest,renamed,196,2011-12-01,2017-04-06
Credit card,Closing your account,Closing your account,account_management_and_servicing,current,30280,2017-04-24,2026-09-25
Credit card,Closing/Cancelling account,Closing your account,account_management_and_servicing,renamed,6389,2011-12-02,2017-04-21
Credit card,Collection debt dispute,Collection debt dispute,debt_collection_conduct,legacy_kept,901,2011-12-01,2013-07-01
Credit card,Collection practices,Collection practices,debt_collection_conduct,legacy_kept,1001,2011-12-02,2013-07-02
Credit card,Convenience checks,"Other features, terms, or problems",account_management_and_servicing,renamed,149,2011-12-09,2017-04-15
Credit card,Credit card protection / Debt protection,"Other features, terms, or problems",account_management_and_servicing,renamed,2728,2011-12-01,2017-04-21
Credit card,Credit determination,Getting a credit card,origination,renamed,3057,2011-12-01,2017-04-21
Credit card,Credit line increase/decrease,"Other features, terms, or problems",account_management_and_servicing,renamed,2185,2011-12-01,2017-04-21
Credit card,Credit monitoring or identity theft protection services,Credit monitoring or identity theft protection services,credit_report_access_and_use,current,879,2017-08-01,2026-09-18
Credit card,Credit reporting,Incorrect information on your report,credit_report_accuracy,renamed,1696,2011-12-01,2013-04-24
Credit card,Customer service / Customer relations,"Other features, terms, or problems",account_management_and_servicing,renamed,3504,2011-12-01,2017-04-20
Credit card,Delinquent account,Struggling to pay your bill,hardship_and_default,renamed,3218,2011-12-02,2017-04-22
Credit card,Fees or interest,Fees or interest,fees_and_interest,current,43576,2017-04-24,2026-09-28
Credit card,Forbearance / Workout plans,Struggling to pay your bill,hardship_and_default,renamed,556,2011-12-02,2017-04-17
Credit card,Getting a credit card,Getting a credit card,origination,current,54933,2017-04-24,2026-09-28
Credit card,Identity theft / Fraud / Embezzlement,Identity theft / Fraud / Embezzlement,fraud_and_unauthorized,legacy_kept,8480,2011-12-01,2017-04-21
Credit card,Improper use of your report,Improper use of your report,credit_report_access_and_use,current,3816,2017-04-27,2026-09-19
Credit card,Incorrect information on your report,Incorrect information on your report,credit_report_accuracy,current,40071,2017-04-24,2026-09-26
Credit card,Late fee,Fees or interest,fees_and_interest,renamed,3639,2011-12-01,2017-04-21
Credit card,"Managing, opening, or closing your mobile wallet account","Managing, opening, or closing your mobile wallet account",transactions_and_funds,legacy_kept,3,2021-03-24,2021-04-01
Credit card,Other,"Other features, terms, or problems",account_management_and_servicing,renamed,9350,2011-12-01,2017-04-22
Credit card,"Other features, terms, or problems","Other features, terms, or problems",account_management_and_servicing,current,48486,2017-04-24,2026-09-25
Credit card,Other fee,Fees or interest,fees_and_interest,renamed,2198,2011-12-01,2017-04-21
Credit card,Overlimit fee,Fees or interest,fees_and_interest,renamed,215,2011-12-01,2017-04-07
Credit card,Payoff process,Problem when making payments,payments_and_billing,renamed,2315,2011-12-01,2017-04-21
Credit card,Privacy,"Other features, terms, or problems",account_management_and_servicing,renamed,489,2011-12-05,2017-04-10
Credit card,Problem when making payments,Problem when making payments,payments_and_billing,current,31295,2017-04-24,2026-09-27
Credit card,Problem with a company's investigation into an existing problem,Problem with a company's investigation into an existing problem,dispute_investigation,current,26590,2023-08-25,2026-09-24
Credit card,Problem with a credit reporting company's investigation into an existing problem,Problem with a company's investigation into an existing problem,dispute_investigation,renamed,7231,2017-04-24,2023-08-24
Credit card,Problem with a purchase shown on your statement,Problem with a purchase shown on your statement,payments_and_billing,current,113540,2017-04-24,2026-09-27
Credit card,Problem with credit report or credit score,Incorrect information on your report,credit_report_accuracy,renamed,16,2017-09-07,2021-05-25
Credit card,Problem with fraud alerts or security freezes,Problem with fraud alerts or security freezes,credit_report_access_and_use,current,333,2017-04-27,2026-09-17
Credit card,Rewards,"Other features, terms, or problems",account_management_and_servicing,renamed,2916,2011-12-01,2017-04-21
Credit card,Sale of account,"Other features, terms, or problems",account_management_and_servicing,renamed,344,2011-12-05,2017-04-19
Credit card,Struggling to pay your bill,Struggling to pay your bill,hardship_and_default,current,6992,2017-04-24,2026-09-28
Credit card,Transaction issue,Trouble using your card,transactions_and_funds,renamed,2700,2011-12-01,2017-04-21
Credit card,Trouble using your card,Trouble using your card,transactions_and_funds,current,16623,2017-04-24,2026-09-25
Credit card,Unable to get your credit report or credit score,Unable to get your credit report or credit score,credit_report_access_and_use,current,242,2017-04-25,2026-09-03
Credit card,Unsolicited issuance of credit card,Unsolicited issuance of credit card,fraud_and_unauthorized,legacy_kept,1853,2011-12-01,2017-04-20
Credit reporting or other personal consumer reports,"Advertising and marketing, including promotional offers","Advertising and marketing, including promotional offers",marketing_and_disclosures,current,1,2023-09-19,2023-09-19
Credit reporting or other personal consumer reports,Closing an account,Closing an account,account_management_and_servicing,legacy_kept,2,2022-10-11,2022-10-11
Credit reporting or other personal consumer reports,Closing on a mortgage,Closing on a mortgage,origination,legacy_kept,2,2017-11-07,2017-11-07
Credit reporting or other personal consumer reports,Closing your account,Closing your account,account_management_and_servicing,legacy_kept,1,2021-03-31,2021-03-31
Credit reporting or other personal consumer reports,Credit monitoring or identity protection,Credit monitoring or identity theft protection services,credit_report_access_and_use,renamed,4424,2012-10-23,2017-04-21
Credit reporting or other personal consumer reports,Credit monitoring or identity theft protection services,Credit monitoring or identity theft protection services,credit_report_access_and_use,current,38346,2017-04-24,2026-09-28
Credit reporting or other personal consumer reports,Credit reporting company's investigation,Problem with a company's investigation into an existing problem,dispute_investigation,renamed,16883,2012-10-22,2017-04-21
Credit reporting or other personal consumer reports,Dealing with your lender or servicer,Dealing with your lender or servicer,account_management_and_servicing,current,6,2018-12-30,2025-03-01
Credit reporting or other personal consumer reports,Fees or interest,Fees or interest,fees_and_interest,legacy_kept,1,2021-05-29,2021-05-29
Credit reporting or other personal consumer reports,Getting a credit card,Getting a credit card,origination,current,12,2017-08-18,2023-12-26
Credit reporting or other personal consumer reports,Getting a line of credit,Getting a line of credit,origination,legacy_kept,1,2021-01-26,2021-01-26
Credit reporting or other personal consumer reports,Getting a loan,Getting a loan,origination,current,6,2022-02-28,2024-12-19
Credit reporting or other personal consumer reports,Getting a loan or lease,Getting a loan or lease,origination,legacy_kept,7,2019-05-14,2022-01-05
Credit reporting or other personal consumer reports,Getting the loan,Getting the loan,origination,legacy_kept,1,2020-05-21,2020-05-21
Credit reporting or other personal consumer reports,Identity theft protection or other monitoring services,Credit monitoring or identity theft protection services,credit_report_access_and_use,renamed,2479,2017-04-24,2026-09-22
Credit reporting or other personal consumer reports,Improper use of my credit report,Improper use of your report,credit_report_access_and_use,renamed,5579,2012-10-23,2017-04-21
Credit reporting or other personal consumer reports,Improper use of your report,Improper use of your report,credit_report_access_and_use,current,3437796,2017-04-24,2026-09-28
Credit reporting or other personal consumer reports,Incorrect information on credit report,Incorrect information on your report,credit_report_accuracy,renamed,102681,2012-10-22,2017-04-22
Credit reporting or other personal consumer reports,Incorrect information on your report,Incorrect information on your report,credit_report_accuracy,current,8118115,2017-04-24,2026-09-29
Credit reporting or other personal consumer reports,Managing an account,Managing an account,account_management_and_servicing,current,1,2025-01-06,2025-01-06
Credit reporting or other personal consumer reports,"Other features, terms, or problems","Other features, terms, or problems",account_management_and_servicing,current,4,2023-06-25,2024-11-27
Credit reporting or other personal consumer reports,Problem when making payments,Problem when making payments,payments_and_billing,legacy_kept,1,2017-11-30,2017-11-30
Credit reporting or other personal consumer reports,Problem with a company's investigation into an existing issue,Problem with a company's investigation into an existing problem,dispute_investigation,renamed,11044,2017-04-24,2026-09-28
Credit reporting or other personal consumer reports,Problem with a company's investigation into an existing problem,Problem with a company's investigation into an existing problem,dispute_investigation,current,2332373,2023-08-25,2026-09-28
Credit reporting or other personal consumer reports,Problem with a credit reporting company's investigation into an existing problem,Problem with a company's investigation into an existing problem,dispute_investigation,renamed,577519,2017-04-24,2023-08-25
Credit reporting or other personal consumer reports,Problem with a purchase shown on your statement,Problem with a purchase shown on your statement,payments_and_billing,current,2,2023-11-17,2025-02-11
Credit reporting or other personal consumer reports,Problem with fraud alerts or security freezes,Problem with fraud alerts or security freezes,credit_report_access_and_use,current,55949,2017-04-25,2026-09-28
Credit reporting or other personal consumer reports,Problem with the payoff process at the end of the loan,Problem with the payoff process at the end of the loan,payments_and_billing,legacy_kept,1,2018-04-17,2018-04-17
Credit reporting or other personal consumer reports,Problems at the end of the loan or lease,Problems at the end of the loan or lease,account_management_and_servicing,current,5,2021-02-26,2025-01-28
Credit reporting or other personal consumer reports,Struggling to pay mortgage,Struggling to pay mortgage,hardship_and_default,legacy_kept,1,2018-05-22,2018-05-22
Credit reporting or other personal consumer reports,Struggling to pay your loan,Struggling to pay your loan,hardship_and_default,legacy_kept,1,2023-02-06,2023-02-06
Credit reporting or other personal consumer reports,Struggling to repay your loan,Struggling to repay your loan,hardship_and_default,current,1,2025-02-26,2025-02-26
Credit reporting or other personal consumer reports,Trouble during payment process,Trouble during payment process,payments_and_billing,legacy_kept,2,2022-05-19,2023-02-23
Credit reporting or other personal consumer reports,Trouble using your card,Trouble using your card,transactions_and_funds,legacy_kept,1,2022-02-28,2022-02-28
Credit reporting or other personal consumer reports,Unable to get credit report/credit score,Unable to get your credit report or credit score,credit_report_access_and_use,renamed,10859,2012-10-22,2017-04-21
Credit reporting or other personal consumer reports,Unable to get your credit report or credit score,Unable to get your credit report or credit score,credit_report_access_and_use,current,64980,2017-04-24,2026-09-28
Debt collection,Attempts to collect debt not owed,Attempts to collect debt not owed,debt_collection_conduct,current,486320,2017-04-24,2026-09-28
Debt collection,Communication tactics,Communication tactics,debt_collection_conduct,current,78162,2013-07-10,2026-09-27
Debt collection,Cont'd attempts collect debt not owed,Attempts to collect debt not owed,debt_collection_conduct,renamed,60520,2013-07-10,2017-04-21
Debt collection,Disclosure verification of debt,Written notification about debt,debt_collection_conduct,renamed,30728,2013-07-10,2017-04-21
Debt collection,Electronic communications,Electronic communications,debt_collection_conduct,current,10246,2023-08-25,2026-09-28
Debt collection,False statements or representation,False statements or representation,debt_collection_conduct,current,122763,2013-07-10,2026-09-28
Debt collection,Improper contact or sharing of info,Improper contact or sharing of info,debt_collection_conduct,legacy_kept,10036,2013-07-10,2017-04-21
Debt collection,Taking/threatening an illegal action,Took or threatened to take negative or legal action,debt_collection_conduct,renamed,8793,2013-07-10,2017-04-21
Debt collection,Threatened to contact someone or share information improperly,Threatened to contact someone or share information improperly,debt_collection_conduct,current,13675,2017-04-24,2026-09-26
Debt collection,Took or threatened to take negative or legal action,Took or threatened to take negative or legal action,debt_collection_conduct,current,147993,2017-04-24,2026-09-28
Debt collection,Written notification about debt,Written notification about debt,debt_collection_conduct,current,232269,2017-04-24,2026-09-28
Debt or credit management,Advertising and marketing,Confusing or misleading advertising or marketing,marketing_and_disclosures,renamed,21,2014-11-10,2017-04-13
Debt or credit management,Charged upfront or unexpected fees,Charged upfront or unexpected fees,fees_and_interest,current,1672,2023-08-28,2026-09-22
Debt or credit management,Confusing or misleading advertising or marketing,Confusing or misleading advertising or marketing,marketing_and_disclosures,current,2009,2017-04-26,2026-09-24
Debt or credit management,Confusing or missing disclosures,Confusing or missing disclosures,marketing_and_disclosures,current,2874,2017-04-29,2026-09-23
Debt or credit management,Customer service/Customer relations,Problem with customer service,account_management_and_servicing,renamed,83,2014-07-21,2017-03-21
Debt or credit management,Didn't provide services promised,Didn't provide services promised,account_management_and_servicing,current,2765,2023-08-26,2026-09-26
Debt or credit management,Disclosures,Confusing or missing disclosures,marketing_and_disclosures,renamed,24,2014-10-20,2017-04-21
Debt or credit management,Excessive fees,Charged upfront or unexpected fees,fees_and_interest,renamed,288,2014-08-25,2023-08-22
Debt or credit management,Fraud or scam,Fraud or scam,fraud_and_unauthorized,legacy_kept,2892,2014-07-28,2023-08-24
Debt or credit management,Problem with customer service,Problem with customer service,account_management_and_servicing,current,2438,2017-04-24,2026-09-22
Debt or credit management,Unauthorized withdrawals or charges,Unauthorized withdrawals or charges,fraud_and_unauthorized,current,1133,2023-08-28,2026-09-27
Debt or credit management,Unexpected or other fees,Charged upfront or unexpected fees,fees_and_interest,renamed,592,2017-04-29,2023-08-22
Debt or credit management,Unexpected/Other fees,Charged upfront or unexpected fees,fees_and_interest,renamed,47,2014-09-17,2017-04-05
"Money transfer, virtual currency, or money service","Account opening, closing, or management","Account opening, closing, or management",account_management_and_servicing,legacy_kept,168,2012-03-01,2017-04-12
"Money transfer, virtual currency, or money service",Adding money,Problem adding money,transactions_and_funds,renamed,14,2015-01-07,2017-04-03
"Money transfer, virtual currency, or money service",Advertising and marketing,Confusing or misleading advertising or marketing,marketing_and_disclosures,renamed,10,2014-09-04,2017-01-23
"Money transfer, virtual currency, or money service","Advertising, marketing or disclosures",Confusing or misleading advertising or marketing,marketing_and_disclosures,renamed,6,2015-09-28,2016-12-23
"Money transfer, virtual currency, or money service",Confusing or misleading advertising or marketing,Confusing or misleading advertising or marketing,marketing_and_disclosures,current,1051,2017-04-24,2026-09-17
"Money transfer, virtual currency, or money service",Confusing or missing disclosures,Confusing or missing disclosures,marketing_and_disclosures,current,4493,2017-04-29,2026-09-24
"Money transfer, virtual currency, or money service",Customer service/Customer relations,Problem with customer service,account_management_and_servicing,renamed,180,2014-07-21,2017-04-21
"Money transfer, virtual currency, or money service",Deposits and withdrawals,Deposits and withdrawals,transactions_and_funds,legacy_kept,269,2012-03-20,2017-04-05
"Money transfer, virtual currency, or money service",Disclosures,Confusing or missing disclosures,marketing_and_disclosures,renamed,23,2014-08-11,2017-03-17
"Money transfer, virtual currency, or money service",Excessive fees,Unexpected or other fees,fees_and_interest,renamed,41,2014-08-26,2017-01-31
"Money transfer, virtual currency, or money service",Fees,Unexpected or other fees,fees_and_interest,renamed,39,2014-07-23,2017-03-14
"Money transfer, virtual currency, or money service",Fraud or scam,Fraud or scam,fraud_and_unauthorized,current,48910,2013-04-05,2026-09-27
"Money transfer, virtual currency, or money service",Incorrect exchange rate,Incorrect exchange rate,fees_and_interest,current,195,2014-08-11,2026-09-09
"Money transfer, virtual currency, or money service",Incorrect/missing disclosures or info,Confusing or missing disclosures,marketing_and_disclosures,renamed,202,2013-04-24,2017-04-21
"Money transfer, virtual currency, or money service",Lost or stolen check,Lost or stolen money order,fraud_and_unauthorized,renamed,285,2014-07-24,2023-08-16
"Money transfer, virtual currency, or money service",Lost or stolen money order,Lost or stolen money order,fraud_and_unauthorized,current,1024,2014-07-24,2026-09-20
"Money transfer, virtual currency, or money service","Making/receiving payments, sending money","Making/receiving payments, sending money",payments_and_billing,legacy_kept,160,2012-03-15,2017-04-18
"Money transfer, virtual currency, or money service","Managing, opening, or closing account","Managing, opening, or closing your mobile wallet account",transactions_and_funds,renamed,193,2014-07-24,2017-04-21
"Money transfer, virtual currency, or money service","Managing, opening, or closing your mobile wallet account","Managing, opening, or closing your mobile wallet account",transactions_and_funds,current,12363,2017-04-24,2026-09-25
"Money transfer, virtual currency, or money service",Money was not available when promised,Money was not available when promised,transactions_and_funds,current,13875,2013-04-08,2026-09-26
"Money transfer, virtual currency, or money service",Other service issues,Other service problem,account_management_and_servicing,renamed,514,2013-04-09,2017-04-20
"Money transfer, virtual currency, or money service",Other service problem,Other service problem,account_management_and_servicing,current,5801,2017-04-26,2026-09-18
"Money transfer, virtual currency, or money service",Other transaction issues,Other transaction problem,transactions_and_funds,renamed,1491,2013-04-04,2017-04-20
"Money transfer, virtual currency, or money service",Other transaction problem,Other transaction problem,transactions_and_funds,current,71842,2017-04-24,2026-09-28
"Money transfer, virtual currency, or money service","Overdraft, savings or rewards features","Overdraft, savings, or rewards features",fees_and_interest,renamed,5,2015-02-25,2017-01-07
"Money transfer, virtual currency, or money service","Overdraft, savings, or rewards features","Overdraft, savings, or rewards features",fees_and_interest,current,259,2017-05-05,2026-09-13
"Money transfer, virtual currency, or money service",Problem adding money,Problem adding money,transactions_and_funds,current,1084,2017-05-01,2026-09-19
"Money transfer, virtual currency, or money service",Problem with customer service,Problem with customer service,account_management_and_servicing,current,2404,2017-04-29,2026-09-23
"Money transfer, virtual currency, or money service",Problems caused by my funds being low,Problems caused by my funds being low,fees_and_interest,legacy_kept,11,2012-08-08,2016-10-06
"Money transfer, virtual currency, or money service",Trouble accessing funds in your mobile or digital wallet,Trouble accessing funds in your mobile or digital wallet,transactions_and_funds,current,7835,2023-08-25,2026-09-26
"Money transfer, virtual currency, or money service",Unauthorized transactions or other transaction problem,Unauthorized transactions or other transaction problem,fraud_and_unauthorized,current,18332,2017-04-24,2026-09-27
"Money transfer, virtual currency, or money service",Unauthorized transactions/trans. issues,Unauthorized transactions or other transaction problem,fraud_and_unauthorized,renamed,87,2014-07-21,2017-04-19
"Money transfer, virtual currency, or money service",Unexpected or other fees,Unexpected or other fees,fees_and_interest,current,2636,2017-04-24,2026-09-24
"Money transfer, virtual currency, or money service",Unexpected/Other fees,Unexpected or other fees,fees_and_interest,renamed,51,2014-08-01,2017-04-11
"Money transfer, virtual currency, or money service",Using a debit or ATM card,Using a debit or ATM card,transactions_and_funds,legacy_kept,17,2012-06-05,2017-02-15
"Money transfer, virtual currency, or money service",Wrong amount charged or received,Wrong amount charged or received,payments_and_billing,current,2122,2013-04-10,2026-09-26
Mortgage,"Application, originator, mortgage broker",Applying for a mortgage or refinancing an existing mortgage,origination,renamed,17216,2011-12-01,2017-04-22
Mortgage,Applying for a mortgage or refinancing an existing mortgage,Applying for a mortgage or refinancing an existing mortgage,origination,current,28810,2017-04-24,2026-09-26
Mortgage,Closing on a mortgage,Closing on a mortgage,origination,current,19070,2017-04-24,2026-09-28
Mortgage,Credit decision / Underwriting,Applying for a mortgage or refinancing an existing mortgage,origination,renamed,5649,2011-12-02,2017-04-21
Mortgage,Credit monitoring or identity theft protection services,Credit monitoring or identity theft protection services,credit_report_access_and_use,current,208,2017-04-27,2026-08-14
Mortgage,Improper use of your report,Improper use of your report,credit_report_access_and_use,current,727,2017-05-26,2026-09-08
Mortgage,Incorrect information on your report,Incorrect information on your report,credit_report_accuracy,current,5996,2017-04-24,2026-09-18
Mortgage,"Loan modification,collection,foreclosure",Struggling to pay mortgage,hardship_and_default,renamed,112294,2011-12-01,2017-04-21
Mortgage,"Loan servicing, payments, escrow account",Trouble during payment process,payments_and_billing,renamed,77309,2011-12-01,2017-04-22
Mortgage,Other,Other,other,legacy_kept,5426,2011-12-21,2017-04-21
Mortgage,Problem with a company's investigation into an existing problem,Problem with a company's investigation into an existing problem,dispute_investigation,current,1274,2023-08-25,2026-09-24
Mortgage,Problem with a credit reporting company's investigation into an existing problem,Problem with a company's investigation into an existing problem,dispute_investigation,renamed,1124,2017-04-24,2023-08-22
Mortgage,Problem with credit report or credit score,Incorrect information on your report,credit_report_accuracy,renamed,9,2020-12-17,2021-05-13
Mortgage,Problem with fraud alerts or security freezes,Problem with fraud alerts or security freezes,credit_report_access_and_use,current,73,2017-05-18,2026-07-24
Mortgage,Settlement process and costs,Closing on a mortgage,origination,renamed,8934,2011-12-01,2017-04-21
Mortgage,Struggling to pay mortgage,Struggling to pay mortgage,hardship_and_default,current,63649,2017-04-21,2026-09-28
Mortgage,Trouble during payment process,Trouble during payment process,payments_and_billing,current,113566,2017-04-21,2026-09-26
Mortgage,Unable to get your credit report or credit score,Unable to get your credit report or credit score,credit_report_access_and_use,current,150,2017-04-30,2026-09-03
"Payday loan, title loan, personal loan, or advance loan",Account terms and changes,Account terms and changes,account_management_and_servicing,legacy_kept,484,2012-03-06,2017-04-19
"Payday loan, title loan, personal loan, or advance loan",Advertising and marketing,Confusing or misleading advertising or marketing,marketing_and_disclosures,renamed,2,2014-10-16,2016-04-02
"Payday loan, title loan, personal loan, or advance loan",Applied for loan/did not receive money,"Was approved for a loan, but didn't receive the money",origination,renamed,344,2013-11-07,2017-04-21
"Payday loan, title loan, personal loan, or advance loan",Can't contact lender,Can't contact lender or servicer,account_management_and_servicing,renamed,1100,2013-11-07,2017-04-21
"Payday loan, title loan, personal loan, or advance loan",Can't contact lender or servicer,Can't contact lender or servicer,account_management_and_servicing,current,1277,2017-04-24,2026-09-16
"Payday loan, title loan, personal loan, or advance loan",Can't stop charges to bank account,Can't stop withdrawals from your bank account,payments_and_billing,renamed,509,2013-11-08,2017-04-20
"Payday loan, title loan, personal loan, or advance loan",Can't stop withdrawals from your bank account,Can't stop withdrawals from your bank account,payments_and_billing,current,1097,2017-05-05,2026-09-25
"Payday loan, title loan, personal loan, or advance loan",Charged bank acct wrong day or amt,Money was taken from your bank account on the wrong day or for the wrong amount,payments_and_billing,renamed,296,2013-11-07,2017-04-20
"Payday loan, title loan, personal loan, or advance loan",Charged fees or interest I didn't expect,Charged fees or interest you didn't expect,fees_and_interest,renamed,2750,2013-11-06,2017-04-21
"Payday loan, title loan, personal loan, or advance loan",Charged fees or interest you didn't expect,Charged fees or interest you didn't expect,fees_and_interest,current,16557,2017-04-24,2026-09-26
"Payday loan, title loan, personal loan, or advance loan",Confusing or misleading advertising or marketing,Confusing or misleading advertising or marketing,marketing_and_disclosures,current,246,2018-06-02,2026-09-19
"Payday loan, title loan, personal loan, or advance loan",Confusing or missing disclosures,Confusing or missing disclosures,marketing_and_disclosures,current,245,2017-05-04,2026-09-25
"Payday loan, title loan, personal loan, or advance loan",Credit limit changed,Credit limit changed,account_management_and_servicing,current,289,2017-04-24,2026-09-12
"Payday loan, title loan, personal loan, or advance loan",Credit monitoring or identity theft protection services,Credit monitoring or identity theft protection services,credit_report_access_and_use,current,275,2017-04-27,2026-09-03
"Payday loan, title loan, personal loan, or advance loan",Customer service/Customer relations,Problem with customer service,account_management_and_servicing,renamed,20,2014-11-26,2017-03-28
"Payday loan, title loan, personal loan, or advance loan",Disclosures,Confusing or missing disclosures,marketing_and_disclosures,renamed,2,2016-03-17,2016-06-10
"Payday loan, title loan, personal loan, or advance loan",Excessive fees,Unexpected fees,fees_and_interest,renamed,2,2016-01-25,2016-10-02
"Payday loan, title loan, personal loan, or advance loan",Fraud or scam,Fraud or scam,fraud_and_unauthorized,legacy_kept,227,2014-11-17,2023-08-24
"Payday loan, title loan, personal loan, or advance loan",Getting a line of credit,Getting a line of credit,origination,current,3133,2017-04-25,2026-09-23
"Payday loan, title loan, personal loan, or advance loan",Getting the loan,Getting the loan,origination,current,5731,2017-04-25,2026-09-23
"Payday loan, title loan, personal loan, or advance loan",Improper use of your report,Improper use of your report,credit_report_access_and_use,current,987,2017-04-24,2026-09-10
"Payday loan, title loan, personal loan, or advance loan",Incorrect information on your report,Incorrect information on your report,credit_report_accuracy,current,4409,2017-04-25,2026-09-24
"Payday loan, title loan, personal loan, or advance loan",Issues with repayment,Issues with repayment,hardship_and_default,current,374,2023-08-30,2026-09-18
"Payday loan, title loan, personal loan, or advance loan",Lender damaged or destroyed property,Property was damaged or destroyed property,hardship_and_default,renamed,3,2014-10-17,2017-03-14
"Payday loan, title loan, personal loan, or advance loan",Lender damaged or destroyed vehicle,Vehicle was damaged or destroyed the vehicle,hardship_and_default,renamed,8,2014-09-12,2017-03-30
"Payday loan, title loan, personal loan, or advance loan",Lender repossessed or sold the vehicle,Vehicle was repossessed or sold the vehicle,hardship_and_default,renamed,79,2014-07-21,2017-04-20
"Payday loan, title loan, personal loan, or advance loan",Lender sold the property,Property was sold,hardship_and_default,renamed,7,2014-09-17,2016-09-30
"Payday loan, title loan, personal loan, or advance loan",Loan payment wasn't credited to your account,Loan payment wasn't credited to your account,payments_and_billing,current,839,2017-04-24,2026-09-28
"Payday loan, title loan, personal loan, or advance loan",Lost or stolen check,Lost or stolen check,fraud_and_unauthorized,legacy_kept,185,2014-07-19,2023-08-15
"Payday loan, title loan, personal loan, or advance loan",Lost or stolen refund,Lost or stolen refund,fraud_and_unauthorized,current,14,2024-03-11,2026-09-18
"Payday loan, title loan, personal loan, or advance loan",Managing the line of credit,Managing the line of credit,account_management_and_servicing,legacy_kept,806,2012-03-01,2017-04-14
"Payday loan, title loan, personal loan, or advance loan",Managing the loan or lease,Managing the loan or lease,account_management_and_servicing,legacy_kept,4066,2012-03-05,2017-04-21
"Payday loan, title loan, personal loan, or advance loan",Money was taken from your bank account on the wrong day or for the wrong amount,Money was taken from your bank account on the wrong day or for the wrong amount,payments_and_billing,current,701,2017-05-02,2026-09-14
"Payday loan, title loan, personal loan, or advance loan",Payment to acct not credited,Loan payment wasn't credited to your account,payments_and_billing,renamed,460,2013-11-07,2017-04-19
"Payday loan, title loan, personal loan, or advance loan",Problem when making payments,Problem when making payments,payments_and_billing,current,9321,2017-04-24,2026-09-24
"Payday loan, title loan, personal loan, or advance loan",Problem with a company's investigation into an existing problem,Problem with a company's investigation into an existing problem,dispute_investigation,current,910,2023-08-28,2026-09-28
"Payday loan, title loan, personal loan, or advance loan",Problem with a credit reporting company's investigation into an existing problem,Problem with a company's investigation into an existing problem,dispute_investigation,renamed,451,2017-04-24,2023-08-22
"Payday loan, title loan, personal loan, or advance loan",Problem with additional add-on products or services,Problem with additional add-on products or services,account_management_and_servicing,current,4059,2017-04-24,2026-09-24
"Payday loan, title loan, personal loan, or advance loan",Problem with cash advance,Problem with cash advance,transactions_and_funds,current,312,2017-05-18,2026-09-18
"Payday loan, title loan, personal loan, or advance loan",Problem with credit report or credit score,Incorrect information on your report,credit_report_accuracy,renamed,2,2017-08-07,2018-11-07
"Payday loan, title loan, personal loan, or advance loan",Problem with customer service,Problem with customer service,account_management_and_servicing,current,166,2017-09-06,2026-04-17
"Payday loan, title loan, personal loan, or advance loan",Problem with fraud alerts or security freezes,Problem with fraud alerts or security freezes,credit_report_access_and_use,current,107,2017-07-07,2026-08-21
"Payday loan, title loan, personal loan, or advance loan",Problem with the payoff process at the end of the loan,Problem with the payoff process at the end of the loan,payments_and_billing,current,5824,2017-04-24,2026-09-23
"Payday loan, title loan, personal loan, or advance loan",Problems receiving the advance,Problems receiving the advance,origination,current,198,2023-09-10,2026-09-21
"Payday loan, title loan, personal loan, or advance loan",Problems when you are unable to pay,Struggling to pay your loan,hardship_and_default,renamed,2743,2012-03-01,2017-04-20
"Payday loan, title loan, personal loan, or advance loan",Property was damaged or destroyed property,Property was damaged or destroyed property,hardship_and_default,current,13,2017-08-24,2026-02-28
"Payday loan, title loan, personal loan, or advance loan",Property was sold,Property was sold,hardship_and_default,current,28,2017-05-22,2026-09-03
"Payday loan, title loan, personal loan, or advance loan",Received a loan I didn't apply for,Received a loan you didn't apply for,fraud_and_unauthorized,renamed,613,2013-11-08,2017-04-19
"Payday loan, title loan, personal loan, or advance loan",Received a loan you didn't apply for,Received a loan you didn't apply for,fraud_and_unauthorized,current,1514,2017-04-29,2026-09-25
"Payday loan, title loan, personal loan, or advance loan",Shopping for a line of credit,Getting a line of credit,origination,renamed,302,2012-03-12,2017-04-12
"Payday loan, title loan, personal loan, or advance loan",Shopping for a loan or lease,Getting the loan,origination,renamed,591,2012-03-14,2017-04-21
"Payday loan, title loan, personal loan, or advance loan",Struggling to pay your loan,Struggling to pay your loan,hardship_and_default,current,8400,2017-04-24,2026-09-25
"Payday loan, title loan, personal loan, or advance loan",Taking out the loan or lease,Getting the loan,origination,renamed,1503,2012-03-12,2017-04-21
"Payday loan, title loan, personal loan, or advance loan",Unable to get your credit report or credit score,Unable to get your credit report or credit score,credit_report_access_and_use,current,94,2017-08-10,2026-09-01
"Payday loan, title loan, personal loan, or advance loan",Unexpected fees,Unexpected fees,fees_and_interest,current,173,2023-09-01,2026-09-20
"Payday loan, title loan, personal loan, or advance loan",Unexpected or other fees,Unexpected fees,fees_and_interest,renamed,28,2017-05-22,2023-07-05
"Payday loan, title loan, personal loan, or advance loan",Unexpected/Other fees,Unexpected fees,fees_and_interest,renamed,5,2014-08-21,2017-03-09
"Payday loan, title loan, personal loan, or advance loan",Vehicle was damaged or destroyed the vehicle,Vehicle was damaged or destroyed the vehicle,hardship_and_default,current,197,2017-07-12,2026-09-25
"Payday loan, title loan, personal loan, or advance loan",Vehicle was repossessed or sold the vehicle,Vehicle was repossessed or sold the vehicle,hardship_and_default,current,733,2017-05-02,2026-09-24
"Payday loan, title loan, personal loan, or advance loan","Was approved for a loan, but didn't receive money","Was approved for a loan, but didn't receive the money",origination,renamed,118,2017-05-16,2026-09-01
"Payday loan, title loan, personal loan, or advance loan","Was approved for a loan, but didn't receive the money","Was approved for a loan, but didn't receive the money",origination,current,546,2017-05-09,2026-09-18
Prepaid card,Adding money,Trouble using the card,transactions_and_funds,renamed,188,2014-07-24,2017-04-11
Prepaid card,Advertising,Advertising,marketing_and_disclosures,current,595,2017-04-25,2026-09-17
Prepaid card,"Advertising, marketing or disclosures",Advertising,marketing_and_disclosures,renamed,71,2014-07-31,2017-04-21
Prepaid card,Fees,Unexpected or other fees,fees_and_interest,renamed,193,2014-07-21,2017-04-05
Prepaid card,Fraud or scam,Fraud or scam,fraud_and_unauthorized,legacy_kept,661,2014-07-21,2017-04-21
Prepaid card,"Managing, opening, or closing account",Problem getting a card or closing an account,origination,renamed,1001,2014-07-22,2017-04-21
Prepaid card,Other,Other,other,legacy_kept,1,2014-07-26,2014-07-26
Prepaid card,"Overdraft, savings or rewards features",Problem with overdraft,fees_and_interest,renamed,48,2014-07-21,2017-04-06
Prepaid card,Problem getting a card or closing an account,Problem getting a card or closing an account,origination,current,7401,2017-04-26,2026-09-25
Prepaid card,Problem with a purchase or transfer,Problem with a purchase or transfer,payments_and_billing,current,11907,2017-04-25,2026-09-25
Prepaid card,Problem with an overdraft,Problem with overdraft,fees_and_interest,renamed,9,2017-07-16,2022-04-21
Prepaid card,Problem with overdraft,Problem with overdraft,fees_and_interest,current,173,2017-05-02,2026-09-13
Prepaid card,Trouble using the card,Trouble using the card,transactions_and_funds,current,14032,2017-04-25,2026-09-27
Prepaid card,Unauthorized transactions/trans. issues,Problem with a purchase or transfer,payments_and_billing,renamed,1238,2014-07-20,2017-04-21
Prepaid card,Unexpected or other fees,Unexpected or other fees,fees_and_interest,current,5006,2017-04-28,2026-09-22
Student loan,Can't repay my loan,Struggling to repay your loan,hardship_and_default,renamed,8725,2012-03-07,2017-04-21
Student loan,Credit monitoring or identity theft protection services,Credit monitoring or identity theft protection services,credit_report_access_and_use,current,391,2017-04-24,2026-09-09
Student loan,Dealing with my lender or servicer,Dealing with your lender or servicer,account_management_and_servicing,renamed,17620,2012-03-12,2017-04-21
Student loan,Dealing with your lender or servicer,Dealing with your lender or servicer,account_management_and_servicing,current,66163,2017-04-24,2026-09-25
Student loan,Getting a loan,Getting a loan,origination,current,2731,2012-03-05,2026-09-25
Student loan,Improper use of your report,Improper use of your report,credit_report_access_and_use,current,2099,2017-04-28,2026-09-25
Student loan,Incorrect information on your report,Incorrect information on your report,credit_report_accuracy,current,7831,2017-04-24,2026-09-25
Student loan,Issue where my lender is my school,Issue where my lender is my school,account_management_and_servicing,current,196,2023-08-31,2026-09-03
Student loan,Issue with income share agreement,Issue with income share agreement,account_management_and_servicing,current,218,2023-08-30,2026-09-21
Student loan,Problem with a company's investigation into an existing problem,Problem with a company's investigation into an existing problem,dispute_investigation,current,1480,2023-08-25,2026-09-26
Student loan,Problem with a credit reporting company's investigation into an existing problem,Problem with a company's investigation into an existing problem,dispute_investigation,renamed,1065,2017-04-24,2023-08-24
Student loan,Problem with credit report or credit score,Incorrect information on your report,credit_report_accuracy,renamed,6,2017-10-18,2021-05-04
Student loan,Problem with fraud alerts or security freezes,Problem with fraud alerts or security freezes,credit_report_access_and_use,current,161,2017-08-10,2026-09-21
Student loan,Problems when you are unable to pay,Struggling to repay your loan,hardship_and_default,renamed,1697,2012-03-01,2014-05-16
Student loan,Repaying your loan,Repaying your loan,payments_and_billing,legacy_kept,3820,2012-03-01,2014-12-16
Student loan,Struggling to repay your loan,Struggling to repay your loan,hardship_and_default,current,19810,2017-04-24,2026-09-28
Student loan,Unable to get your credit report or credit score,Unable to get your credit report or credit score,credit_report_access_and_use,current,60,2017-10-07,2026-08-16
Vehicle loan or lease,Credit monitoring or identity theft protection services,Credit monitoring or identity theft protection services,credit_report_access_and_use,current,363,2017-04-25,2026-09-09
Vehicle loan or lease,Getting a loan or lease,Getting a loan or lease,origination,current,13964,2017-04-25,2026-09-27
Vehicle loan or lease,Improper use of your report,Improper use of your report,credit_report_access_and_use,current,1573,2017-05-16,2026-09-24
Vehicle loan or lease,Incorrect information on your report,Incorrect information on your report,credit_report_accuracy,current,9019,2017-04-24,2026-09-26
Vehicle loan or lease,Managing the loan or lease,Managing the loan or lease,account_management_and_servicing,current,43591,2012-03-01,2026-09-28
Vehicle loan or lease,Problem with a company's investigation into an existing problem,Problem with a company's investigation into an existing problem,dispute_investigation,current,1617,2023-08-25,2026-09-23
Vehicle loan or lease,Problem with a credit reporting company's investigation into an existing problem,Problem with a company's investigation into an existing problem,dispute_investigation,renamed,1819,2017-04-24,2023-08-19
Vehicle loan or lease,Problem with credit report or credit score,Incorrect information on your report,credit_report_accuracy,renamed,9,2020-12-18,2025-12-16
Vehicle loan or lease,Problem with fraud alerts or security freezes,Problem with fraud alerts or security freezes,credit_report_access_and_use,current,59,2017-10-08,2026-08-20
Vehicle loan or lease,Problems at the end of the loan or lease,Problems at the end of the loan or lease,account_management_and_servicing,current,17047,2017-04-24,2026-09-26
Vehicle loan or lease,Problems when you are unable to pay,Struggling to pay your loan,hardship_and_default,renamed,4930,2012-03-01,2017-04-21
Vehicle loan or lease,Repossession,Repossession,hardship_and_default,current,14664,2023-08-25,2026-09-28
Vehicle loan or lease,Shopping for a loan or lease,Getting a loan or lease,origination,renamed,1437,2012-03-14,2017-04-20
Vehicle loan or lease,Struggling to pay your loan,Struggling to pay your loan,hardship_and_default,current,11037,2017-04-24,2026-09-27
Vehicle loan or lease,Taking out the loan or lease,Getting a loan or lease,origination,renamed,2865,2012-03-01,2017-04-21
Vehicle loan or lease,Unable to get your credit report or credit score,Unable to get your credit report or credit score,credit_report_access_and_use,current,160,2017-05-10,2026-07-31
