value,rows,first_seen,last_seen
,8113311,2011-12-01,2026-09-29
Company has responded to the consumer and the CFPB and chooses not to provide a public response,9583292,2012-04-14,2026-09-28
Company believes the complaint is the result of a misunderstanding,14539,2013-06-26,2026-09-20
Company chooses not to provide a public response,52473,2013-08-09,2016-03-02
Company believes it acted appropriately as authorized by contract or law,242434,2013-09-12,2026-09-28
Company can't verify or dispute the facts in the complaint,7933,2013-11-12,2026-09-24
Company believes complaint caused principally by actions of third party outside the control or direction of the company,9263,2014-02-01,2026-09-23
Company believes complaint is the result of an isolated error,7211,2014-09-01,2026-09-21
Company disputes the facts presented in the complaint,17227,2014-10-02,2026-09-28
Company believes complaint represents an opportunity for improvement to better serve consumers,5983,2015-02-17,2026-09-20
Company believes complaint relates to a discontinued policy or procedure,133,2015-03-19,2026-08-21
Company believes the complaint provided an opportunity to answer consumer's questions,8509,2020-02-06,2026-09-26
