company_key,entity_type,fdic_org_id,method,evidence
ALCARINC,bank,3958821,auto_holding_company,CFPB 'ALCAR INC.' ~ FDIC 'ALCAR INC' / 'DR Bank'
ALLYFINANCIALINC,bank,1562859,auto_holding_company,CFPB 'ALLY FINANCIAL INC.' ~ FDIC 'ALLY FINANCIAL INC' / 'Ally Bank'
AMERICANEXPRESSCOMPANY,bank,1275216,auto_holding_company,CFPB 'AMERICAN EXPRESS COMPANY' ~ FDIC 'AMERICAN EXPRESS CO' / 'American Express National  Bank'
AMERIPRISEBANKFSB,bank,2433312,auto_bank_name,"CFPB 'AMERIPRISE BANK, FSB' ~ FDIC 'AMERIPRISE FINANCIAL INC' / 'Ameriprise Bank, FSB'"
APPLEFINANCIALHOLDINGSINC,bank,3446412,auto_holding_company,"CFPB 'APPLE FINANCIAL HOLDINGS, INC.' ~ FDIC 'APPLE FINANCIAL HOLDINGS INC' / 'Apple Bank'"
ARVESTBANKGROUPINC,bank,1095674,auto_holding_company,"CFPB 'ARVEST BANK GROUP, INC.' ~ FDIC 'ARVEST BANK GROUP INC' / 'Arvest Bank'"
ASSOCIATEDBANCCORP,bank,1199563,auto_holding_company,"CFPB 'ASSOCIATED BANC-CORP' ~ FDIC 'ASSOCIATED BANC-CORP' / 'Associated Bank, National Association'"
ATLANTICUNIONBANKSHARESINC,bank,1971693,auto_holding_company,"CFPB 'Atlantic Union Bankshares, Inc.' ~ FDIC 'ATLANTIC UNION BANKSHARES CORP' / 'Atlantic Union Bank'"
AXOSFINANCIALINC,bank,3814310,auto_holding_company,"CFPB 'AXOS FINANCIAL, INC.' ~ FDIC 'AXOS FINANCIAL INC' / 'Axos Bank'"
BANCFIRSTCORPORATION,bank,1133286,auto_holding_company,CFPB 'BANCFIRST CORPORATION' ~ FDIC 'BANCFIRST CORP' / 'BancFirst'
BANCOFCALIFORNIAINC,bank,3153130,auto_holding_company,"CFPB 'BANC OF CALIFORNIA, INC.' ~ FDIC 'BANC OF CALIFORNIA INC' / 'Banc of California'"
BANCOPOPULARDEPUERTORICO,bank,1129382,auto_bank_name,CFPB 'BANCO POPULAR DE PUERTO RICO' ~ FDIC 'POPULAR INC' / 'Banco Popular de Puerto Rico'
BANKOFAMERICANA,bank,1073757,auto_holding_company,"CFPB 'BANK OF AMERICA, NATIONAL ASSOCIATION' ~ FDIC 'BANK OF AMERICA CORP' / 'Bank of America, National Association'"
BANKOFBARODANEWYORKBRANCH,bank,CERT:33681,auto_bank_name,CFPB 'Bank of Baroda - New York Branch' ~ FDIC 'Bank of Baroda' / 'Bank of Baroda'
BANKOFHAWAIICORPORATION,bank,1025309,auto_holding_company,CFPB 'BANK OF HAWAII CORPORATION' ~ FDIC 'BANK OF HAWAII CORP' / 'Bank of Hawaii'
BANKOFNEWYORKMELLONCORPORATIONTHE,bank,3587146,auto_bank_name,"CFPB 'BANK OF NEW YORK MELLON CORPORATION, THE' ~ FDIC 'BANK OF NY MELLON CORP THE' / 'The Bank of New York Mellon'"
BANKOZK,bank,CERT:110,auto_bank_name,CFPB 'BANK OZK' ~ FDIC 'Bank OZK' / 'Bank OZK'
BANKUNITEDNA,bank,4028712,auto_holding_company,"CFPB 'BANKUNITED, NATIONAL ASSOCIATION' ~ FDIC 'BANKUNITED INC' / 'BankUnited, National Association'"
BANNERCORPORATION,bank,2126977,auto_holding_company,CFPB 'BANNER CORPORATION' ~ FDIC 'BANNER CORP' / 'Banner Bank'
BARCLAYSBANKDELAWARE,bank,1231418,auto_bank_name,CFPB 'BARCLAYS BANK DELAWARE' ~ FDIC 'BARCLAYS PLC' / 'Barclays Bank Delaware'
BBTCORPORATION,bank,,curated,bank; no active FDIC record (general knowledge: BB&T was a bank holding company; last complaint 2020-02-28)
BBVAFINANCIALCORPORATION,bank,,curated,bank; no active FDIC record (general knowledge: BBVA USA bank holding company; last complaint 2021-08-26)
BEACONFINANCIALCORPORATION,bank,2333663,auto_holding_company,CFPB 'BEACON FINANCIAL CORPORATION' ~ FDIC 'BEACON FINANCIAL CORP' / 'Beacon Bank and Trust'
BMOBANKNA,bank,1231333,auto_bank_name,CFPB 'BMO BANK NATIONAL ASSOCIATION' ~ FDIC 'BANK OF MONTREAL' / 'BMO Bank National Association'
BOKFINANCIALCORP,bank,1883693,auto_holding_company,"CFPB 'BOK FINANCIAL CORP' ~ FDIC 'BOK FINANCIAL CORP' / 'BOKF, National Association'"
BUSEYBANK,bank,1203602,auto_bank_name,CFPB 'BUSEY BANK' ~ FDIC 'FIRST BUSEY CORP' / 'Busey Bank'
CAPITALONEFINANCIALCORPORATION,bank,2277860,auto_holding_company,"CFPB 'CAPITAL ONE FINANCIAL CORPORATION' ~ FDIC 'CAPITAL ONE FINANCIAL CORP' / 'Capital One, National Association'"
CATHAYBANK,bank,1843080,auto_bank_name,CFPB 'CATHAY BANK' ~ FDIC 'CATHAY GENERAL BCORP' / 'Cathay Bank'
CENTRALBANCOMPANYINC,bank,1094314,auto_holding_company,"CFPB 'CENTRAL BANCOMPANY, INC' ~ FDIC 'CENTRAL BANCOMPANY INC' / 'The Central Trust Bank'"
CHARLESSCHWABCORPORATIONTHE,bank,1026632,auto_holding_company,"CFPB 'CHARLES SCHWAB CORPORATION, THE' ~ FDIC 'CHARLES SCHWAB CORP THE' / 'Charles Schwab Bank, SSB'"
CIBCBANKUSA,bank,1231342,auto_bank_name,CFPB 'CIBC BANK USA' ~ FDIC 'CANADIAN IMPERIAL BK OF COM' / 'CIBC Bank USA'
CITIBANKNA,bank,1951350,auto_bank_name,"CFPB 'CITIBANK, N.A.' ~ FDIC 'CITIGROUP INC' / 'Citibank, National Association'"
CITIZENSFINANCIALGROUPINC,bank,1132449,curated,"FDIC HC 'CITIZENS FINANCIAL GROUP INC' (3 HCs share the name; this one owns 'Citizens Bank, N.A.' CERT 57957)"
COLUMBIABANKINGSYSTEMINC,bank,2078816,auto_holding_company,"CFPB 'COLUMBIA BANKING SYSTEM, INC.' ~ FDIC 'COLUMBIA BANKING SYSTEM INC' / 'Columbia Bank'"
COMENITYBANK,bank,CERT:27499,auto_bank_name,CFPB 'Comenity Bank' ~ FDIC 'Comenity Bank' / 'Comenity Bank'
COMENITYCAPITALBANK,bank,CERT:57570,auto_bank_name,CFPB 'Comenity Capital Bank' ~ FDIC 'Comenity Capital Bank' / 'Comenity Capital Bank'
COMERICA,bank,,curated,bank; no active FDIC record in snapshot 2026-06-30 (general knowledge: Comerica is a bank holding company)
COMMUNITYFINANCIALSYSTEMINC,bank,1048867,auto_holding_company,"CFPB 'COMMUNITY FINANCIAL SYSTEM, INC.' ~ FDIC 'COMMUNITY FINANCIAL SYSTEM INC' / 'Community Bank, National Association'"
COVINGTONCAPITALCORPORATION,bank,2228590,auto_holding_company,CFPB 'Covington Capital Corporation' ~ FDIC 'COVINGTON CAPITAL CORP' / 'Covington County Bank'
CULLENFROSTBANKERSINC,bank,1102367,auto_holding_company,"CFPB 'CULLEN/FROST BANKERS, INC.' ~ FDIC 'CULLEN FROST BANKERS INC' / 'Frost  Bank'"
CVBFINANCIALCORP,bank,1029222,auto_holding_company,"CFPB 'CVB FINANCIAL CORP.' ~ FDIC 'CVB FINANCIAL CORP' / 'Citizens Business Bank, National Association'"
EAGLEFINANCIALSERVICESINC,bank,1951770,auto_holding_company,"CFPB 'Eagle Financial Services, Inc.' ~ FDIC 'EAGLE FINANCIAL SERVICES INC' / 'Bank Of Clarke'"
EASTERNBANKSHARESINC,bank,1427239,auto_holding_company,CFPB 'EASTERN BANKSHARES INC' ~ FDIC 'EASTERN BANKSHARES INC' / 'Eastern Bank'
EASTWESTBANK,bank,2734233,auto_bank_name,CFPB 'EAST WEST BANK' ~ FDIC 'EAST WEST BCORP INC' / 'East West Bank'
EQUIFAXINC,credit_bureau,,curated,nationwide credit bureau
EVERBANKNA,bank,3838857,auto_bank_name,"CFPB 'EVERBANK, NATIONAL ASSOCIATION' ~ FDIC 'EVERBANK FINANCIAL CORP' / 'EverBank, National Association'"
EXPERIANINFORMATIONSOLUTIONSINC,credit_bureau,,curated,nationwide credit bureau
FBFINANCIALCORPORATION,bank,1132104,auto_holding_company,CFPB 'FB FINANCIAL CORPORATION' ~ FDIC 'FB FINANCIAL CORP' / 'FirstBank'
FIFTHTHIRDFINANCIALCORPORATION,bank,1070345,curated,"FDIC HC 'FIFTH THIRD BCORP'; bank 'Fifth Third Bank, National Association' (CERT 6672)"
FIRSTAMERICANFINANCIALCORPORATION,bank,1250101,auto_holding_company,"CFPB 'FIRST AMERICAN FINANCIAL CORPORATION' ~ FDIC 'FIRST AMERICAN FINANCIAL CORP' / 'First American Trust, FSB'"
FIRSTBANKPUERTORICO,bank,2744894,auto_bank_name,CFPB 'FIRSTBANK PUERTO RICO' ~ FDIC 'FIRST BCORP' / 'FirstBank Puerto Rico'
FIRSTFINANCIALBANKSHARESINC,bank,1102312,auto_holding_company,"CFPB 'FIRST FINANCIAL BANKSHARES, INC.' ~ FDIC 'FIRST FINANCIAL BANKSHARES INC' / 'First Financial Bank'"
FIRSTHAWAIIANINC,bank,1025608,auto_holding_company,"CFPB 'FIRST HAWAIIAN, INC.' ~ FDIC 'FIRST HAWAIIAN INC' / 'First Hawaiian Bank'"
FIRSTHORIZONBANK,bank,1094640,auto_bank_name,CFPB 'FIRST HORIZON BANK' ~ FDIC 'FIRST HORIZON CORP' / 'First Horizon Bank'
FIRSTHORIZONBANKWESTCONGRESSSTREETBRANCH,bank,1094640,auto_bank_name,CFPB 'FIRST HORIZON BANK - WEST CONGRESS STREET BRANCH' ~ FDIC 'FIRST HORIZON CORP' / 'First Horizon Bank'
FIRSTMERCHANTSCORPORATION,bank,1208559,auto_holding_company,CFPB 'FIRST MERCHANTS CORPORATION' ~ FDIC 'FIRST MERCHANTS CORP' / 'First Merchants Bank'
FIRSTNATIONALBANKOFOMAHA,bank,1066209,auto_bank_name,CFPB 'FIRST NATIONAL BANK OF OMAHA' ~ FDIC 'LAURITZEN CORP' / 'First National Bank of Omaha'
FIRSTNATIONALBANKOFPENNSYLVANIA,bank,3005332,auto_bank_name,CFPB 'FIRST NATIONAL BANK OF PENNSYLVANIA' ~ FDIC 'F N B CORP' / 'First National Bank of Pennsylvania'
FLAGSHIPFINANCIALGROUP,bank,1128675,auto_holding_company,CFPB 'Flagship Financial Group' ~ FDIC 'FLAGSHIP FINANCIAL GROUP INC' / 'Security Bank & Trust Company'
FLAGSTARBANKNA,bank,CERT:32541,auto_bank_name,"CFPB 'Flagstar Bank, N.A.' ~ FDIC 'Flagstar Bank, National Association' / 'Flagstar Bank, National Association'"
FULTONFINANCIALCORPORATION,bank,1117129,auto_holding_company,"CFPB 'FULTON FINANCIAL CORPORATION' ~ FDIC 'FULTON FINANCIAL CORP' / 'Fulton Bank, National Association'"
GATEWAYFIRSTBANK,bank,5610860,auto_bank_name,CFPB 'GATEWAY FIRST BANK' ~ FDIC 'GATEWAY FIRST BCORP INC' / 'Gateway First Bank'
GOLDMANSACHSBANKUSA,bank,2380443,auto_bank_name,CFPB 'GOLDMAN SACHS BANK USA' ~ FDIC 'GOLDMAN SACHS GROUP INC THE' / 'Goldman Sachs Bank USA'
HANCOCKWHITNEYBANK,bank,1086533,auto_bank_name,CFPB 'HANCOCK WHITNEY BANK' ~ FDIC 'HANCOCK WHITNEY CORP' / 'Hancock Whitney Bank'
HSBCNORTHAMERICAHOLDINGSINC,bank,1857108,curated,"FDIC HC 'HSBC HOLDINGS PLC'; bank 'HSBC Bank USA, N.A.' (CERT 57890)"
HUNTINGTONNATIONALBANKTHE,bank,1068191,auto_bank_name,"CFPB 'HUNTINGTON NATIONAL BANK, THE' ~ FDIC 'HUNTINGTON BANCSHARES INC' / 'The Huntington National Bank'"
HUNTINGTONNATIONALBANKTHEFIRSTMERITBANKNABRANCH,bank,1068191,auto_bank_name,"CFPB 'HUNTINGTON NATIONAL BANK, THE - FIRSTMERIT BANK, N.A. BRANCH' ~ FDIC 'HUNTINGTON BANCSHARES INC' / 'The Huntington National Bank'"
INDUSTRIALANDCOMMERCIALBANKOFCHINAUSANA,bank,4097978,auto_bank_name,"CFPB 'INDUSTRIAL AND COMMERCIAL BANK OF CHINA (USA), NATIONAL ASSOCIATION' ~ FDIC 'CHINA INVESTMENT CORP' / 'Industrial and Commercial Bank of China USA, National Association'"
INTERNATIONALBANCSHARESCORPORATION,bank,1104231,auto_holding_company,CFPB 'INTERNATIONAL BANCSHARES CORPORATION' ~ FDIC 'INTERNATIONAL BANCSHARES CORP' / 'International Bank of Commerce'
JPMORGANCHASECO,bank,1039502,auto_holding_company,"CFPB 'JPMORGAN CHASE & CO.' ~ FDIC 'JPMORGAN CHASE&CO' / 'JPMorgan Chase Bank, National Association'"
KEYCORP,bank,1068025,auto_holding_company,CFPB 'KEYCORP' ~ FDIC 'KEYCORP' / 'KeyBank National Association'
MIDFIRSTBANK,bank,5555701,auto_bank_name,CFPB 'MIDFIRST BANK' ~ FDIC 'G JEFFREY RECORDS JR 2020 FAMILY TR' / 'MidFirst Bank'
MTBANKCORPORATION,bank,1037003,auto_holding_company,CFPB 'M&T BANK CORPORATION' ~ FDIC 'M&T BANK CORP' / 'Manufacturers and Traders Trust Company'
NORTHERNTRUSTCOMPANYTHE,bank,1199611,auto_holding_company,"CFPB 'Northern Trust Company, The' ~ FDIC 'NORTHERN TRUST CORP' / 'The Northern Trust Company'"
NORTHWESTBANCSHARESINC,bank,4122722,auto_holding_company,CFPB 'NORTHWEST BANCSHARES INC' ~ FDIC 'NORTHWEST BANCSHARES INC' / 'Northwest Bank'
OAKTREEFINANCIALINC,bank,5977479,auto_holding_company,CFPB 'Oak Tree Financial Inc.' ~ FDIC 'OAK TREE FINANCIAL CORP INC' / 'Riverside Bank'
OCEANFIRSTFINANCIALCORP,bank,2609975,auto_holding_company,"CFPB 'OCEANFIRST FINANCIAL CORP.' ~ FDIC 'OCEANFIRST FINANCIAL CORP' / 'OceanFirst Bank, National Association'"
OPTUMBANKINC,bank,CERT:57408,auto_bank_name,"CFPB 'OPTUM BANK, INC.' ~ FDIC 'Optum Bank, Inc.' / 'Optum Bank, Inc.'"
PALOMARENTERPRISESLLC,bank,3649950,auto_holding_company,"CFPB 'PALOMAR ENTERPRISES, LLC' ~ FDIC 'PALOMAR ENTERPRISES LLC' / 'Farmers and Merchants Bank of Long Beach'"
PARKNATIONALCORPORATION,bank,1142336,auto_holding_company,CFPB 'PARK NATIONAL CORPORATION' ~ FDIC 'PARK NATIONAL CORP' / 'The Park National Bank'
PNCBANKNA,bank,1069778,auto_bank_name,"CFPB 'PNC Bank N.A.' ~ FDIC 'PNC FINL SERVICES GROUP INC' / 'PNC Bank, National Association'"
POPULARBANK,bank,1129382,auto_bank_name,CFPB 'POPULAR BANK' ~ FDIC 'POPULAR INC' / 'Banco Popular de Puerto Rico'
PREMIERHOLDINGS,bank,3066922,auto_holding_company,CFPB 'Premier Holdings' ~ FDIC 'PREMIER HOLDINGS LTD' / 'Premier Bank'
PROSPERITYBANCSHARESINC,bank,1109599,auto_holding_company,"CFPB 'PROSPERITY BANCSHARES, INC.' ~ FDIC 'PROSPERITY BANCSHARES INC' / 'Prosperity Bank'"
RAYMONDJAMESBANK,bank,3815157,auto_bank_name,CFPB 'RAYMOND JAMES BANK' ~ FDIC 'RAYMOND JAMES FINANCIAL INC' / 'Raymond James Bank'
RBCBANKGEORGIANA,bank,1232497,auto_bank_name,"CFPB 'RBC BANK (GEORGIA), NATIONAL ASSOCIATION' ~ FDIC 'ROYAL BANK OF CANADA' / 'City National Bank'"
REGIONSFINANCIALCORPORATION,bank,3242838,auto_holding_company,CFPB 'REGIONS FINANCIAL CORPORATION' ~ FDIC 'REGIONS FINANCIAL CORP' / 'Regions Bank'
RENASANTCORPORATION,bank,1098844,auto_holding_company,CFPB 'RENASANT CORPORATION' ~ FDIC 'RENASANT CORP' / 'Renasant Bank'
RIVERFINANCIALINC,bank,4422851,auto_holding_company,CFPB 'River Financial Inc.' ~ FDIC 'RIVER FINANCIAL CORP' / 'River Bank & Trust'
SANTANDERBANKNA,bank,1239254,auto_bank_name,"CFPB 'SANTANDER BANK, NATIONAL ASSOCIATION' ~ FDIC 'BANCO SANTANDER SA' / 'Santander Bank, N.A.'"
SANTANDERHOLDINGSUSAINC,bank,1239254,curated,"FDIC HC 'BANCO SANTANDER SA'; bank 'Santander Bank, N.A.' (CERT 29950)"
SERVISFIRSTBANCSHARESINC,bank,3635319,auto_holding_company,"CFPB 'SERVISFIRST BANCSHARES, INC.' ~ FDIC 'SERVISFIRST BANCSHARES INC' / 'ServisFirst Bank'"
SIMMONSFIRSTNATIONALCORPORATION,bank,1094828,auto_holding_company,CFPB 'SIMMONS FIRST NATIONAL CORPORATION' ~ FDIC 'SIMMONS FIRST NATIONAL CORP' / 'Simmons Bank'
SOFITECHNOLOGIESINC,bank,5586871,auto_holding_company,"CFPB 'SOFI TECHNOLOGIES, INC.' ~ FDIC 'SOFI TECHNOLOGIES INC' / 'SoFi Bank, National Association'"
SOUTHSTATEBANKCORPORATION,bank,1133437,auto_holding_company,"CFPB 'SOUTHSTATE BANK CORPORATION' ~ FDIC 'SOUTHSTATE BANK CORP' / 'SouthState Bank, National Association'"
SOUTHSTATEBANKNA520GERVAISSTREETBRANCH,bank,1133437,auto_holding_company,"CFPB 'SOUTHSTATE BANK, N.A. - 520 GERVAIS STREET BRANCH' ~ FDIC 'SOUTHSTATE BANK CORP' / 'SouthState Bank, National Association'"
STATEBANKOFINDIANEWYORKBRANCH,bank,1242562,auto_holding_company,CFPB 'STATE BANK OF INDIA - NEW YORK BRANCH' ~ FDIC 'STATE BANK OF INDIA' / 'State Bank of India (California)'
STATEBANKSHARESINC,bank,1417333,auto_holding_company,"CFPB 'STATE BANKSHARES, INC.' ~ FDIC 'STATE BANKSHARES INC' / 'Bell Bank'"
STIFELFINANCIALCORP,bank,3063622,auto_holding_company,CFPB 'STIFEL FINANCIAL CORP.' ~ FDIC 'STIFEL FINANCIAL CORP' / 'Stifel Bank and Trust'
SYNCHRONYFINANCIAL,bank,4504654,auto_holding_company,CFPB 'SYNCHRONY FINANCIAL' ~ FDIC 'SYNCHRONY FINANCIAL' / 'Synchrony Bank'
TDBANKUSHOLDINGCOMPANY,bank,1238565,curated,"FDIC HC 'TORONTO-DOMINION BANK THE'; banks 'TD Bank, N.A.' (CERT 18409) + 'TD Bank USA, N.A.' (CERT 33947)"
TEXASCAPITALBANCSHARESINC,bank,2706735,auto_holding_company,"CFPB 'TEXAS CAPITAL BANCSHARES, INC.' ~ FDIC 'TEXAS CAPITAL BANCSHARES INC' / 'Texas Capital Bank'"
TOWNEBANK,bank,CERT:35095,auto_bank_name,CFPB 'TOWNEBANK' ~ FDIC 'TowneBank' / 'TowneBank'
TOWNFINANCIALCORPORATION,bank,1200405,auto_holding_company,"CFPB 'Town Financial Corporation' ~ FDIC 'TOWN FINANCIAL CORP' / 'Citizens State Bank of New Castle, Indiana'"
TRANSUNIONINTERMEDIATEHOLDINGSINC,credit_bureau,,curated,nationwide credit bureau (own peer group; 3 bureaus = 78% of complaints)
TRUISTFINANCIALCORPORATION,bank,1074156,auto_holding_company,CFPB 'TRUIST FINANCIAL CORPORATION' ~ FDIC 'TRUIST FINANCIAL CORP' / 'Truist Bank'
TRUSTMARKCORPORATION,bank,1079562,auto_holding_company,CFPB 'TRUSTMARK CORPORATION' ~ FDIC 'TRUSTMARK CORP' / 'Trustmark Bank'
UBSBANKUSA,bank,4795461,auto_bank_name,"CFPB 'UBS BANK USA' ~ FDIC 'UBS GROUP AG' / 'UBS Bank USA, National Association'"
UMBFINANCIALCORPORATION,bank,1049828,auto_holding_company,"CFPB 'UMB FINANCIAL CORPORATION' ~ FDIC 'UMB FINANCIAL CORP' / 'UMB Bank, National Association'"
UNITEDBANKSHARESINC,bank,1076217,auto_holding_company,"CFPB 'UNITED BANKSHARES, INC.' ~ FDIC 'UNITED BANKSHARES INC' / 'United Bank'"
UNITEDPACIFICBANK,bank,CERT:23805,auto_bank_name,CFPB 'UNITED PACIFIC BANK' ~ FDIC 'United Pacific Bank' / 'United Pacific Bank'
UNITEDSERVICESAUTOMOBILEASSOCIATION,bank,1447376,curated,FDIC HC 'UNITED SERVICES AUTOMOBILE ASS' (truncated); bank 'USAA Federal Savings Bank' (CERT 32188)
USBANCORP,bank,1119794,curated,FDIC HC 'U S BCORP'; bank 'U.S. Bank National Association' (CERT 6548)
USBANKNATIONALASSOCIATIONSANFRANCISCOMAINBRANCH,bank,1119794,auto_bank_name,CFPB 'U.S. BANK NATIONAL ASSOCIATION - SAN FRANCISCO MAIN BRANCH' ~ FDIC 'U S BCORP' / 'U.S. Bank National Association'
WAFDBANK,bank,3065617,auto_bank_name,CFPB 'WAFD BANK' ~ FDIC 'WAFD INC' / 'WaFd Bank'
WELLSFARGOCOMPANY,bank,1120754,auto_holding_company,"CFPB 'WELLS FARGO & COMPANY' ~ FDIC 'WELLS FARGO&COMPANY' / 'Wells Fargo Bank, National Association'"
WESBANCOBANKINC,bank,1070448,auto_bank_name,"CFPB 'WESBANCO BANK, INC.' ~ FDIC 'WESBANCO INC' / 'WesBanco Bank, Inc.'"
WSFSFINANCIALCORPORATION,bank,3844269,auto_holding_company,"CFPB 'WSFS FINANCIAL CORPORATION' ~ FDIC 'WSFS FINANCIAL CORP' / 'Wilmington Savings Fund Society, FSB'"
ZIONSBANCORPORATION,bank,CERT:2270,auto_bank_name,"CFPB 'ZIONS BANCORPORATION' ~ FDIC 'Zions Bancorporation, N.A.' / 'Zions Bancorporation, N.A.'"
